URL,STATUS,UPLOADED,DATETIME,FILE_NAMES,HASHES
https://divulgacion.tse.gob.sv/dashboard-jrv-2001-4.html,not_found,False,2024-03-07T19:19:43.993+00:00,,
https://divulgacion.tse.gob.sv/dashboard-jrv-2002-4.html,not_found,False,2024-03-07T19:19:44.540+00:00,,
https://divulgacion.tse.gob.sv/dashboard-jrv-2003-4.html,not_found,False,2024-03-07T19:19:45.028+00:00,,
https://divulgacion.tse.gob.sv/dashboard-jrv-2004-4.html,not_found,False,2024-03-07T19:19:45.553+00:00,,
https://divulgacion.tse.gob.sv/dashboard-jrv-2005-4.html,not_found,False,2024-03-07T19:19:46.030+00:00,,
https://divulgacion.tse.gob.sv/dashboard-jrv-2006-4.html,not_found,False,2024-03-07T19:19:46.487+00:00,,
https://divulgacion.tse.gob.sv/dashboard-jrv-2007-4.html,not_found,False,2024-03-07T19:19:46.986+00:00,,
https://divulgacion.tse.gob.sv/dashboard-jrv-2008-4.html,not_found,False,2024-03-07T19:19:47.390+00:00,,
https://divulgacion.tse.gob.sv/dashboard-jrv-2009-4.html,not_found,False,2024-03-07T19:19:48.036+00:00,,
https://divulgacion.tse.gob.sv/dashboard-jrv-2010-4.html,not_found,False,2024-03-07T19:19:49.562+00:00,,
https://divulgacion.tse.gob.sv/dashboard-jrv-2011-4.html,not_found,False,2024-03-07T19:19:50.767+00:00,,
https://divulgacion.tse.gob.sv/dashboard-jrv-2012-4.html,not_found,False,2024-03-07T19:19:51.261+00:00,,
https://divulgacion.tse.gob.sv/dashboard-jrv-2013-4.html,not_found,False,2024-03-07T19:19:51.732+00:00,,
https://divulgacion.tse.gob.sv/dashboard-jrv-2014-4.html,not_found,False,2024-03-07T19:19:52.180+00:00,,
https://divulgacion.tse.gob.sv/dashboard-jrv-2015-4.html,not_found,False,2024-03-07T19:19:52.669+00:00,,
https://divulgacion.tse.gob.sv/dashboard-jrv-2016-4.html,not_found,False,2024-03-07T19:19:53.115+00:00,,
https://divulgacion.tse.gob.sv/dashboard-jrv-2017-4.html,not_found,False,2024-03-07T19:19:53.546+00:00,,
https://divulgacion.tse.gob.sv/dashboard-jrv-2018-4.html,not_found,False,2024-03-07T19:19:53.997+00:00,,
https://divulgacion.tse.gob.sv/dashboard-jrv-2019-4.html,not_found,False,2024-03-07T19:19:54.396+00:00,,
https://divulgacion.tse.gob.sv/dashboard-jrv-2020-4.html,not_found,False,2024-03-07T19:19:54.813+00:00,,
https://divulgacion.tse.gob.sv/dashboard-jrv-2021-4.html,not_found,False,2024-03-07T19:19:55.299+00:00,,
https://divulgacion.tse.gob.sv/dashboard-jrv-2022-4.html,not_found,False,2024-03-07T19:19:55.764+00:00,,
https://divulgacion.tse.gob.sv/dashboard-jrv-2023-4.html,not_found,False,2024-03-07T19:19:56.177+00:00,,
https://divulgacion.tse.gob.sv/dashboard-jrv-2024-4.html,not_found,False,2024-03-07T19:19:56.560+00:00,,
https://divulgacion.tse.gob.sv/dashboard-jrv-2025-4.html,not_found,False,2024-03-07T19:19:56.977+00:00,,
https://divulgacion.tse.gob.sv/dashboard-jrv-2026-4.html,not_found,False,2024-03-07T19:19:57.388+00:00,,
https://divulgacion.tse.gob.sv/dashboard-jrv-2027-4.html,not_found,False,2024-03-07T19:19:58.078+00:00,,
https://divulgacion.tse.gob.sv/dashboard-jrv-2028-4.html,not_found,False,2024-03-07T19:19:58.440+00:00,,
https://divulgacion.tse.gob.sv/dashboard-jrv-2029-4.html,not_found,False,2024-03-07T19:19:58.836+00:00,,
https://divulgacion.tse.gob.sv/dashboard-jrv-2030-4.html,not_found,False,2024-03-07T19:19:59.330+00:00,,
https://divulgacion.tse.gob.sv/dashboard-jrv-2031-4.html,not_found,False,2024-03-07T19:19:59.745+00:00,,
https://divulgacion.tse.gob.sv/dashboard-jrv-2032-4.html,not_found,False,2024-03-07T19:20:00.180+00:00,,
https://divulgacion.tse.gob.sv/dashboard-jrv-2033-4.html,not_found,False,2024-03-07T19:20:00.623+00:00,,
https://divulgacion.tse.gob.sv/dashboard-jrv-2034-4.html,not_found,False,2024-03-07T19:20:01.088+00:00,,
https://divulgacion.tse.gob.sv/dashboard-jrv-2035-4.html,not_found,False,2024-03-07T19:20:01.524+00:00,,
https://divulgacion.tse.gob.sv/dashboard-jrv-2036-4.html,not_found,False,2024-03-07T19:20:02.062+00:00,,
https://divulgacion.tse.gob.sv/dashboard-jrv-2037-4.html,not_found,False,2024-03-07T19:20:02.511+00:00,,
https://divulgacion.tse.gob.sv/dashboard-jrv-2038-4.html,not_found,False,2024-03-07T19:20:03.009+00:00,,
https://divulgacion.tse.gob.sv/dashboard-jrv-2039-4.html,not_found,False,2024-03-07T19:20:03.430+00:00,,
https://divulgacion.tse.gob.sv/dashboard-jrv-2040-4.html,not_found,False,2024-03-07T19:20:03.871+00:00,,
https://divulgacion.tse.gob.sv/dashboard-jrv-2041-4.html,not_found,False,2024-03-07T19:20:04.299+00:00,,
https://divulgacion.tse.gob.sv/dashboard-jrv-2042-4.html,not_found,False,2024-03-07T19:20:04.766+00:00,,
https://divulgacion.tse.gob.sv/dashboard-jrv-2043-4.html,not_found,False,2024-03-07T19:20:05.201+00:00,,
https://divulgacion.tse.gob.sv/dashboard-jrv-2044-4.html,not_found,False,2024-03-07T19:20:05.646+00:00,,
https://divulgacion.tse.gob.sv/dashboard-jrv-2045-4.html,not_found,False,2024-03-07T19:20:06.088+00:00,,
https://divulgacion.tse.gob.sv/dashboard-jrv-2046-4.html,not_found,False,2024-03-07T19:20:06.501+00:00,,
https://divulgacion.tse.gob.sv/dashboard-jrv-2047-4.html,not_found,False,2024-03-07T19:20:06.982+00:00,,
https://divulgacion.tse.gob.sv/dashboard-jrv-2048-4.html,not_found,False,2024-03-07T19:20:07.414+00:00,,
https://divulgacion.tse.gob.sv/dashboard-jrv-2049-4.html,not_found,False,2024-03-07T19:20:07.831+00:00,,
https://divulgacion.tse.gob.sv/dashboard-jrv-2050-4.html,not_found,False,2024-03-07T19:20:08.231+00:00,,
https://divulgacion.tse.gob.sv/dashboard-jrv-2051-4.html,not_found,False,2024-03-07T19:20:08.682+00:00,,
https://divulgacion.tse.gob.sv/dashboard-jrv-2052-4.html,not_found,False,2024-03-07T19:20:09.114+00:00,,
https://divulgacion.tse.gob.sv/dashboard-jrv-2053-4.html,not_found,False,2024-03-07T19:20:09.507+00:00,,
https://divulgacion.tse.gob.sv/dashboard-jrv-2054-4.html,not_found,False,2024-03-07T19:20:09.898+00:00,,
https://divulgacion.tse.gob.sv/dashboard-jrv-2055-4.html,not_found,False,2024-03-07T19:20:10.347+00:00,,
https://divulgacion.tse.gob.sv/dashboard-jrv-2056-4.html,not_found,False,2024-03-07T19:20:10.724+00:00,,
https://divulgacion.tse.gob.sv/dashboard-jrv-2057-4.html,not_found,False,2024-03-07T19:20:11.211+00:00,,
https://divulgacion.tse.gob.sv/dashboard-jrv-2058-4.html,not_found,False,2024-03-07T19:20:11.760+00:00,,
https://divulgacion.tse.gob.sv/dashboard-jrv-2059-4.html,not_found,False,2024-03-07T19:20:12.178+00:00,,
https://divulgacion.tse.gob.sv/dashboard-jrv-2060-4.html,not_found,False,2024-03-07T19:20:12.614+00:00,,
https://divulgacion.tse.gob.sv/dashboard-jrv-2061-4.html,not_found,False,2024-03-07T19:20:13.010+00:00,,
https://divulgacion.tse.gob.sv/dashboard-jrv-2062-4.html,not_found,False,2024-03-07T19:20:13.468+00:00,,
https://divulgacion.tse.gob.sv/dashboard-jrv-2063-4.html,not_found,False,2024-03-07T19:20:14.187+00:00,,
https://divulgacion.tse.gob.sv/dashboard-jrv-2064-4.html,not_found,False,2024-03-07T19:20:14.571+00:00,,
https://divulgacion.tse.gob.sv/dashboard-jrv-2065-4.html,not_found,False,2024-03-07T19:20:15.007+00:00,,
https://divulgacion.tse.gob.sv/dashboard-jrv-2066-4.html,not_found,False,2024-03-07T19:20:15.436+00:00,,
https://divulgacion.tse.gob.sv/dashboard-jrv-2067-4.html,not_found,False,2024-03-07T19:20:15.830+00:00,,
https://divulgacion.tse.gob.sv/dashboard-jrv-2068-4.html,not_found,False,2024-03-07T19:20:16.268+00:00,,
https://divulgacion.tse.gob.sv/dashboard-jrv-2069-4.html,not_found,False,2024-03-07T19:20:16.674+00:00,,
https://divulgacion.tse.gob.sv/dashboard-jrv-2070-4.html,not_found,False,2024-03-07T19:20:17.082+00:00,,
https://divulgacion.tse.gob.sv/dashboard-jrv-2071-4.html,not_found,False,2024-03-07T19:20:17.523+00:00,,
https://divulgacion.tse.gob.sv/dashboard-jrv-2072-4.html,not_found,False,2024-03-07T19:20:18.032+00:00,,
https://divulgacion.tse.gob.sv/dashboard-jrv-2073-4.html,not_found,False,2024-03-07T19:20:18.558+00:00,,
https://divulgacion.tse.gob.sv/dashboard-jrv-2074-4.html,not_found,False,2024-03-07T19:20:19.018+00:00,,
https://divulgacion.tse.gob.sv/dashboard-jrv-2075-4.html,not_found,False,2024-03-07T19:20:19.433+00:00,,
https://divulgacion.tse.gob.sv/dashboard-jrv-2076-4.html,not_found,False,2024-03-07T19:20:19.843+00:00,,
https://divulgacion.tse.gob.sv/dashboard-jrv-2077-4.html,not_found,False,2024-03-07T19:20:20.286+00:00,,
https://divulgacion.tse.gob.sv/dashboard-jrv-2078-4.html,not_found,False,2024-03-07T19:20:20.731+00:00,,
https://divulgacion.tse.gob.sv/dashboard-jrv-2079-4.html,not_found,False,2024-03-07T19:20:21.164+00:00,,
https://divulgacion.tse.gob.sv/dashboard-jrv-2080-4.html,not_found,False,2024-03-07T19:20:21.550+00:00,,
https://divulgacion.tse.gob.sv/dashboard-jrv-2081-4.html,not_found,False,2024-03-07T19:20:22.055+00:00,,
https://divulgacion.tse.gob.sv/dashboard-jrv-2082-4.html,not_found,False,2024-03-07T19:20:22.468+00:00,,
https://divulgacion.tse.gob.sv/dashboard-jrv-2083-4.html,not_found,False,2024-03-07T19:20:22.914+00:00,,
https://divulgacion.tse.gob.sv/dashboard-jrv-2084-4.html,not_found,False,2024-03-07T19:20:23.365+00:00,,
https://divulgacion.tse.gob.sv/dashboard-jrv-2085-4.html,not_found,False,2024-03-07T19:20:23.820+00:00,,
https://divulgacion.tse.gob.sv/dashboard-jrv-2086-4.html,not_found,False,2024-03-07T19:20:24.305+00:00,,
https://divulgacion.tse.gob.sv/dashboard-jrv-2087-4.html,not_found,False,2024-03-07T19:20:24.862+00:00,,
https://divulgacion.tse.gob.sv/dashboard-jrv-2088-4.html,not_found,False,2024-03-07T19:20:25.377+00:00,,
https://divulgacion.tse.gob.sv/dashboard-jrv-2089-4.html,not_found,False,2024-03-07T19:20:25.829+00:00,,
https://divulgacion.tse.gob.sv/dashboard-jrv-2090-4.html,not_found,False,2024-03-07T19:20:26.277+00:00,,
https://divulgacion.tse.gob.sv/dashboard-jrv-2091-4.html,not_found,False,2024-03-07T19:20:26.732+00:00,,
https://divulgacion.tse.gob.sv/dashboard-jrv-2092-4.html,not_found,False,2024-03-07T19:20:27.150+00:00,,
https://divulgacion.tse.gob.sv/dashboard-jrv-2093-4.html,not_found,False,2024-03-07T19:20:27.808+00:00,,
https://divulgacion.tse.gob.sv/dashboard-jrv-2094-4.html,not_found,False,2024-03-07T19:20:28.318+00:00,,
https://divulgacion.tse.gob.sv/dashboard-jrv-2095-4.html,not_found,False,2024-03-07T19:20:28.763+00:00,,
https://divulgacion.tse.gob.sv/dashboard-jrv-2096-4.html,not_found,False,2024-03-07T19:20:29.260+00:00,,
https://divulgacion.tse.gob.sv/dashboard-jrv-2097-4.html,not_found,False,2024-03-07T19:20:29.813+00:00,,
https://divulgacion.tse.gob.sv/dashboard-jrv-2098-4.html,not_found,False,2024-03-07T19:20:30.433+00:00,,
https://divulgacion.tse.gob.sv/dashboard-jrv-2099-4.html,not_found,False,2024-03-07T19:20:31.057+00:00,,
https://divulgacion.tse.gob.sv/dashboard-jrv-2100-4.html,not_found,False,2024-03-07T19:20:31.516+00:00,,
https://divulgacion.tse.gob.sv/dashboard-jrv-2101-4.html,not_found,False,2024-03-07T19:20:31.983+00:00,,
https://divulgacion.tse.gob.sv/dashboard-jrv-2102-4.html,not_found,False,2024-03-07T19:20:32.556+00:00,,
https://divulgacion.tse.gob.sv/dashboard-jrv-2103-4.html,not_found,False,2024-03-07T19:20:32.992+00:00,,
https://divulgacion.tse.gob.sv/dashboard-jrv-2104-4.html,not_found,False,2024-03-07T19:20:33.479+00:00,,
https://divulgacion.tse.gob.sv/dashboard-jrv-2105-4.html,not_found,False,2024-03-07T19:20:33.889+00:00,,
https://divulgacion.tse.gob.sv/dashboard-jrv-2106-4.html,not_found,False,2024-03-07T19:20:34.339+00:00,,
https://divulgacion.tse.gob.sv/dashboard-jrv-2107-4.html,not_found,False,2024-03-07T19:20:34.750+00:00,,
https://divulgacion.tse.gob.sv/dashboard-jrv-2108-4.html,not_found,False,2024-03-07T19:20:35.244+00:00,,
https://divulgacion.tse.gob.sv/dashboard-jrv-2109-4.html,not_found,False,2024-03-07T19:20:35.668+00:00,,
https://divulgacion.tse.gob.sv/dashboard-jrv-2110-4.html,not_found,False,2024-03-07T19:20:36.052+00:00,,
https://divulgacion.tse.gob.sv/dashboard-jrv-2111-4.html,not_found,False,2024-03-07T19:20:36.477+00:00,,
https://divulgacion.tse.gob.sv/dashboard-jrv-2112-4.html,not_found,False,2024-03-07T19:20:36.877+00:00,,
https://divulgacion.tse.gob.sv/dashboard-jrv-2113-4.html,not_found,False,2024-03-07T19:20:37.287+00:00,,
https://divulgacion.tse.gob.sv/dashboard-jrv-2114-4.html,not_found,False,2024-03-07T19:20:37.758+00:00,,
https://divulgacion.tse.gob.sv/dashboard-jrv-2115-4.html,not_found,False,2024-03-07T19:20:38.180+00:00,,
https://divulgacion.tse.gob.sv/dashboard-jrv-2116-4.html,not_found,False,2024-03-07T19:20:38.750+00:00,,
https://divulgacion.tse.gob.sv/dashboard-jrv-2117-4.html,not_found,False,2024-03-07T19:20:39.130+00:00,,
https://divulgacion.tse.gob.sv/dashboard-jrv-2118-4.html,not_found,False,2024-03-07T19:20:39.513+00:00,,
https://divulgacion.tse.gob.sv/dashboard-jrv-2119-4.html,not_found,False,2024-03-07T19:20:39.953+00:00,,
https://divulgacion.tse.gob.sv/dashboard-jrv-2120-4.html,not_found,False,2024-03-07T19:20:40.398+00:00,,
https://divulgacion.tse.gob.sv/dashboard-jrv-2121-4.html,not_found,False,2024-03-07T19:20:40.836+00:00,,
https://divulgacion.tse.gob.sv/dashboard-jrv-2122-4.html,not_found,False,2024-03-07T19:20:41.208+00:00,,
https://divulgacion.tse.gob.sv/dashboard-jrv-2123-4.html,not_found,False,2024-03-07T19:20:41.608+00:00,,
https://divulgacion.tse.gob.sv/dashboard-jrv-2124-4.html,not_found,False,2024-03-07T19:20:42.026+00:00,,
https://divulgacion.tse.gob.sv/dashboard-jrv-2125-4.html,not_found,False,2024-03-07T19:20:42.479+00:00,,
https://divulgacion.tse.gob.sv/dashboard-jrv-2126-4.html,not_found,False,2024-03-07T19:20:42.951+00:00,,
https://divulgacion.tse.gob.sv/dashboard-jrv-2127-4.html,not_found,False,2024-03-07T19:20:43.419+00:00,,
https://divulgacion.tse.gob.sv/dashboard-jrv-2128-4.html,not_found,False,2024-03-07T19:20:43.833+00:00,,
https://divulgacion.tse.gob.sv/dashboard-jrv-2129-4.html,not_found,False,2024-03-07T19:20:44.277+00:00,,
https://divulgacion.tse.gob.sv/dashboard-jrv-2130-4.html,not_found,False,2024-03-07T19:20:44.671+00:00,,
https://divulgacion.tse.gob.sv/dashboard-jrv-2131-4.html,not_found,False,2024-03-07T19:20:45.086+00:00,,
https://divulgacion.tse.gob.sv/dashboard-jrv-2132-4.html,not_found,False,2024-03-07T19:20:45.486+00:00,,
https://divulgacion.tse.gob.sv/dashboard-jrv-2133-4.html,not_found,False,2024-03-07T19:20:46.134+00:00,,
https://divulgacion.tse.gob.sv/dashboard-jrv-2134-4.html,not_found,False,2024-03-07T19:20:46.811+00:00,,
https://divulgacion.tse.gob.sv/dashboard-jrv-2135-4.html,not_found,False,2024-03-07T19:20:47.592+00:00,,
https://divulgacion.tse.gob.sv/dashboard-jrv-2136-4.html,not_found,False,2024-03-07T19:20:48.203+00:00,,
https://divulgacion.tse.gob.sv/dashboard-jrv-2137-4.html,not_found,False,2024-03-07T19:20:48.778+00:00,,
https://divulgacion.tse.gob.sv/dashboard-jrv-2138-4.html,not_found,False,2024-03-07T19:20:49.208+00:00,,
https://divulgacion.tse.gob.sv/dashboard-jrv-2139-4.html,not_found,False,2024-03-07T19:20:49.650+00:00,,
https://divulgacion.tse.gob.sv/dashboard-jrv-2140-4.html,not_found,False,2024-03-07T19:20:50.065+00:00,,
https://divulgacion.tse.gob.sv/dashboard-jrv-2141-4.html,not_found,False,2024-03-07T19:20:50.509+00:00,,
https://divulgacion.tse.gob.sv/dashboard-jrv-2142-4.html,not_found,False,2024-03-07T19:20:50.939+00:00,,
https://divulgacion.tse.gob.sv/dashboard-jrv-2143-4.html,not_found,False,2024-03-07T19:20:51.388+00:00,,
https://divulgacion.tse.gob.sv/dashboard-jrv-2144-4.html,not_found,False,2024-03-07T19:20:51.805+00:00,,
https://divulgacion.tse.gob.sv/dashboard-jrv-2145-4.html,not_found,False,2024-03-07T19:20:52.316+00:00,,
https://divulgacion.tse.gob.sv/dashboard-jrv-2146-4.html,not_found,False,2024-03-07T19:20:52.912+00:00,,
https://divulgacion.tse.gob.sv/dashboard-jrv-2147-4.html,not_found,False,2024-03-07T19:20:53.999+00:00,,
https://divulgacion.tse.gob.sv/dashboard-jrv-2148-4.html,not_found,False,2024-03-07T19:20:54.454+00:00,,
https://divulgacion.tse.gob.sv/dashboard-jrv-2149-4.html,not_found,False,2024-03-07T19:20:54.942+00:00,,
https://divulgacion.tse.gob.sv/dashboard-jrv-2150-4.html,not_found,False,2024-03-07T19:20:55.372+00:00,,
https://divulgacion.tse.gob.sv/dashboard-jrv-2151-4.html,not_found,False,2024-03-07T19:20:55.802+00:00,,
https://divulgacion.tse.gob.sv/dashboard-jrv-2152-4.html,not_found,False,2024-03-07T19:20:56.231+00:00,,
https://divulgacion.tse.gob.sv/dashboard-jrv-2153-4.html,not_found,False,2024-03-07T19:20:56.657+00:00,,
https://divulgacion.tse.gob.sv/dashboard-jrv-2154-4.html,not_found,False,2024-03-07T19:20:57.081+00:00,,
https://divulgacion.tse.gob.sv/dashboard-jrv-2155-4.html,not_found,False,2024-03-07T19:20:57.470+00:00,,
https://divulgacion.tse.gob.sv/dashboard-jrv-2156-4.html,not_found,False,2024-03-07T19:20:57.887+00:00,,
https://divulgacion.tse.gob.sv/dashboard-jrv-2157-4.html,not_found,False,2024-03-07T19:20:58.315+00:00,,
https://divulgacion.tse.gob.sv/dashboard-jrv-2158-4.html,not_found,False,2024-03-07T19:20:58.726+00:00,,
https://divulgacion.tse.gob.sv/dashboard-jrv-2159-4.html,not_found,False,2024-03-07T19:20:59.146+00:00,,
https://divulgacion.tse.gob.sv/dashboard-jrv-2160-4.html,not_found,False,2024-03-07T19:20:59.568+00:00,,
https://divulgacion.tse.gob.sv/dashboard-jrv-2161-4.html,not_found,False,2024-03-07T19:21:00.072+00:00,,
https://divulgacion.tse.gob.sv/dashboard-jrv-2162-4.html,not_found,False,2024-03-07T19:21:00.462+00:00,,
https://divulgacion.tse.gob.sv/dashboard-jrv-2163-4.html,not_found,False,2024-03-07T19:21:01.033+00:00,,
https://divulgacion.tse.gob.sv/dashboard-jrv-2164-4.html,not_found,False,2024-03-07T19:21:01.543+00:00,,
https://divulgacion.tse.gob.sv/dashboard-jrv-2165-4.html,not_found,False,2024-03-07T19:21:01.989+00:00,,
https://divulgacion.tse.gob.sv/dashboard-jrv-2166-4.html,not_found,False,2024-03-07T19:21:02.389+00:00,,
https://divulgacion.tse.gob.sv/dashboard-jrv-2167-4.html,not_found,False,2024-03-07T19:21:02.816+00:00,,
https://divulgacion.tse.gob.sv/dashboard-jrv-2168-4.html,not_found,False,2024-03-07T19:21:03.287+00:00,,
https://divulgacion.tse.gob.sv/dashboard-jrv-2169-4.html,not_found,False,2024-03-07T19:21:03.745+00:00,,
https://divulgacion.tse.gob.sv/dashboard-jrv-2170-4.html,not_found,False,2024-03-07T19:21:04.155+00:00,,
https://divulgacion.tse.gob.sv/dashboard-jrv-2171-4.html,not_found,False,2024-03-07T19:21:04.579+00:00,,
https://divulgacion.tse.gob.sv/dashboard-jrv-2172-4.html,not_found,False,2024-03-07T19:21:05.112+00:00,,
https://divulgacion.tse.gob.sv/dashboard-jrv-2173-4.html,not_found,False,2024-03-07T19:21:05.546+00:00,,
https://divulgacion.tse.gob.sv/dashboard-jrv-2174-4.html,not_found,False,2024-03-07T19:21:06.046+00:00,,
https://divulgacion.tse.gob.sv/dashboard-jrv-2175-4.html,not_found,False,2024-03-07T19:21:06.495+00:00,,
https://divulgacion.tse.gob.sv/dashboard-jrv-2176-4.html,not_found,False,2024-03-07T19:21:07.004+00:00,,
https://divulgacion.tse.gob.sv/dashboard-jrv-2177-4.html,not_found,False,2024-03-07T19:21:07.443+00:00,,
https://divulgacion.tse.gob.sv/dashboard-jrv-2178-4.html,not_found,False,2024-03-07T19:21:07.865+00:00,,
https://divulgacion.tse.gob.sv/dashboard-jrv-2179-4.html,not_found,False,2024-03-07T19:21:08.356+00:00,,
https://divulgacion.tse.gob.sv/dashboard-jrv-2180-4.html,not_found,False,2024-03-07T19:21:08.809+00:00,,
https://divulgacion.tse.gob.sv/dashboard-jrv-2181-4.html,not_found,False,2024-03-07T19:21:09.222+00:00,,
https://divulgacion.tse.gob.sv/dashboard-jrv-2182-4.html,not_found,False,2024-03-07T19:21:09.663+00:00,,
https://divulgacion.tse.gob.sv/dashboard-jrv-2183-4.html,not_found,False,2024-03-07T19:21:10.183+00:00,,
https://divulgacion.tse.gob.sv/dashboard-jrv-2184-4.html,not_found,False,2024-03-07T19:21:10.635+00:00,,
https://divulgacion.tse.gob.sv/dashboard-jrv-2185-4.html,not_found,False,2024-03-07T19:21:11.082+00:00,,
https://divulgacion.tse.gob.sv/dashboard-jrv-2186-4.html,not_found,False,2024-03-07T19:21:11.550+00:00,,
https://divulgacion.tse.gob.sv/dashboard-jrv-2187-4.html,not_found,False,2024-03-07T19:21:11.982+00:00,,
https://divulgacion.tse.gob.sv/dashboard-jrv-2188-4.html,not_found,False,2024-03-07T19:21:12.408+00:00,,
https://divulgacion.tse.gob.sv/dashboard-jrv-2189-4.html,not_found,False,2024-03-07T19:21:12.804+00:00,,
https://divulgacion.tse.gob.sv/dashboard-jrv-2190-4.html,not_found,False,2024-03-07T19:21:13.217+00:00,,
https://divulgacion.tse.gob.sv/dashboard-jrv-2191-4.html,not_found,False,2024-03-07T19:21:13.738+00:00,,
https://divulgacion.tse.gob.sv/dashboard-jrv-2192-4.html,not_found,False,2024-03-07T19:21:14.168+00:00,,
https://divulgacion.tse.gob.sv/dashboard-jrv-2193-4.html,not_found,False,2024-03-07T19:21:14.607+00:00,,
https://divulgacion.tse.gob.sv/dashboard-jrv-2194-4.html,not_found,False,2024-03-07T19:21:15.077+00:00,,
https://divulgacion.tse.gob.sv/dashboard-jrv-2195-4.html,not_found,False,2024-03-07T19:21:17.331+00:00,,
https://divulgacion.tse.gob.sv/dashboard-jrv-2196-4.html,not_found,False,2024-03-07T19:21:17.721+00:00,,
https://divulgacion.tse.gob.sv/dashboard-jrv-2197-4.html,not_found,False,2024-03-07T19:21:18.151+00:00,,
https://divulgacion.tse.gob.sv/dashboard-jrv-2198-4.html,not_found,False,2024-03-07T19:21:18.642+00:00,,
https://divulgacion.tse.gob.sv/dashboard-jrv-2199-4.html,not_found,False,2024-03-07T19:21:19.134+00:00,,
https://divulgacion.tse.gob.sv/dashboard-jrv-2200-4.html,not_found,False,2024-03-07T19:21:19.584+00:00,,
https://divulgacion.tse.gob.sv/dashboard-jrv-2201-4.html,not_found,False,2024-03-07T19:21:19.995+00:00,,
https://divulgacion.tse.gob.sv/dashboard-jrv-2202-4.html,not_found,False,2024-03-07T19:21:20.457+00:00,,
https://divulgacion.tse.gob.sv/dashboard-jrv-2203-4.html,not_found,False,2024-03-07T19:21:20.882+00:00,,
https://divulgacion.tse.gob.sv/dashboard-jrv-2204-4.html,not_found,False,2024-03-07T19:21:21.326+00:00,,
https://divulgacion.tse.gob.sv/dashboard-jrv-2205-4.html,not_found,False,2024-03-07T19:21:21.788+00:00,,
https://divulgacion.tse.gob.sv/dashboard-jrv-2206-4.html,not_found,False,2024-03-07T19:21:22.262+00:00,,
https://divulgacion.tse.gob.sv/dashboard-jrv-2207-4.html,not_found,False,2024-03-07T19:21:22.676+00:00,,
https://divulgacion.tse.gob.sv/dashboard-jrv-2208-4.html,not_found,False,2024-03-07T19:21:23.142+00:00,,
https://divulgacion.tse.gob.sv/dashboard-jrv-2209-4.html,not_found,False,2024-03-07T19:21:23.587+00:00,,
https://divulgacion.tse.gob.sv/dashboard-jrv-2210-4.html,not_found,False,2024-03-07T19:21:24.081+00:00,,
https://divulgacion.tse.gob.sv/dashboard-jrv-2211-4.html,not_found,False,2024-03-07T19:21:24.514+00:00,,
https://divulgacion.tse.gob.sv/dashboard-jrv-2212-4.html,not_found,False,2024-03-07T19:21:24.984+00:00,,
https://divulgacion.tse.gob.sv/dashboard-jrv-2213-4.html,not_found,False,2024-03-07T19:21:25.429+00:00,,
https://divulgacion.tse.gob.sv/dashboard-jrv-2214-4.html,not_found,False,2024-03-07T19:21:25.888+00:00,,
https://divulgacion.tse.gob.sv/dashboard-jrv-2215-4.html,not_found,False,2024-03-07T19:21:26.276+00:00,,
https://divulgacion.tse.gob.sv/dashboard-jrv-2216-4.html,not_found,False,2024-03-07T19:21:26.697+00:00,,
https://divulgacion.tse.gob.sv/dashboard-jrv-2217-4.html,not_found,False,2024-03-07T19:21:27.132+00:00,,
https://divulgacion.tse.gob.sv/dashboard-jrv-2218-4.html,not_found,False,2024-03-07T19:21:27.583+00:00,,
https://divulgacion.tse.gob.sv/dashboard-jrv-2219-4.html,not_found,False,2024-03-07T19:21:28.040+00:00,,
https://divulgacion.tse.gob.sv/dashboard-jrv-2220-4.html,not_found,False,2024-03-07T19:21:28.454+00:00,,
https://divulgacion.tse.gob.sv/dashboard-jrv-2221-4.html,not_found,False,2024-03-07T19:21:28.896+00:00,,
https://divulgacion.tse.gob.sv/dashboard-jrv-2222-4.html,not_found,False,2024-03-07T19:21:29.328+00:00,,
https://divulgacion.tse.gob.sv/dashboard-jrv-2223-4.html,not_found,False,2024-03-07T19:21:29.756+00:00,,
https://divulgacion.tse.gob.sv/dashboard-jrv-2224-4.html,not_found,False,2024-03-07T19:21:30.258+00:00,,
https://divulgacion.tse.gob.sv/dashboard-jrv-2225-4.html,not_found,False,2024-03-07T19:21:30.702+00:00,,
https://divulgacion.tse.gob.sv/dashboard-jrv-2226-4.html,not_found,False,2024-03-07T19:21:31.135+00:00,,
https://divulgacion.tse.gob.sv/dashboard-jrv-2227-4.html,not_found,False,2024-03-07T19:21:31.595+00:00,,
https://divulgacion.tse.gob.sv/dashboard-jrv-2228-4.html,not_found,False,2024-03-07T19:21:32.035+00:00,,
https://divulgacion.tse.gob.sv/dashboard-jrv-2229-4.html,not_found,False,2024-03-07T19:21:32.447+00:00,,
https://divulgacion.tse.gob.sv/dashboard-jrv-2230-4.html,not_found,False,2024-03-07T19:21:32.851+00:00,,
https://divulgacion.tse.gob.sv/dashboard-jrv-2231-4.html,not_found,False,2024-03-07T19:21:33.258+00:00,,
https://divulgacion.tse.gob.sv/dashboard-jrv-2232-4.html,not_found,False,2024-03-07T19:21:33.656+00:00,,
https://divulgacion.tse.gob.sv/dashboard-jrv-2233-4.html,not_found,False,2024-03-07T19:21:34.089+00:00,,
https://divulgacion.tse.gob.sv/dashboard-jrv-2234-4.html,not_found,False,2024-03-07T19:21:34.518+00:00,,
https://divulgacion.tse.gob.sv/dashboard-jrv-2235-4.html,not_found,False,2024-03-07T19:21:34.997+00:00,,
https://divulgacion.tse.gob.sv/dashboard-jrv-2236-4.html,not_found,False,2024-03-07T19:21:35.437+00:00,,
https://divulgacion.tse.gob.sv/dashboard-jrv-2237-4.html,not_found,False,2024-03-07T19:21:35.823+00:00,,
https://divulgacion.tse.gob.sv/dashboard-jrv-2238-4.html,not_found,False,2024-03-07T19:21:36.231+00:00,,
https://divulgacion.tse.gob.sv/dashboard-jrv-2239-4.html,not_found,False,2024-03-07T19:21:36.651+00:00,,
https://divulgacion.tse.gob.sv/dashboard-jrv-2240-4.html,not_found,False,2024-03-07T19:21:37.152+00:00,,
https://divulgacion.tse.gob.sv/dashboard-jrv-2241-4.html,not_found,False,2024-03-07T19:21:37.589+00:00,,
https://divulgacion.tse.gob.sv/dashboard-jrv-2242-4.html,not_found,False,2024-03-07T19:21:38.029+00:00,,
https://divulgacion.tse.gob.sv/dashboard-jrv-2243-4.html,not_found,False,2024-03-07T19:21:38.444+00:00,,
https://divulgacion.tse.gob.sv/dashboard-jrv-2244-4.html,not_found,False,2024-03-07T19:21:38.829+00:00,,
https://divulgacion.tse.gob.sv/dashboard-jrv-2245-4.html,not_found,False,2024-03-07T19:21:39.235+00:00,,
https://divulgacion.tse.gob.sv/dashboard-jrv-2246-4.html,not_found,False,2024-03-07T19:21:39.667+00:00,,
https://divulgacion.tse.gob.sv/dashboard-jrv-2247-4.html,not_found,False,2024-03-07T19:21:40.102+00:00,,
https://divulgacion.tse.gob.sv/dashboard-jrv-2248-4.html,not_found,False,2024-03-07T19:21:40.539+00:00,,
https://divulgacion.tse.gob.sv/dashboard-jrv-2249-4.html,not_found,False,2024-03-07T19:21:40.956+00:00,,
https://divulgacion.tse.gob.sv/dashboard-jrv-2250-4.html,not_found,False,2024-03-07T19:21:41.358+00:00,,
https://divulgacion.tse.gob.sv/dashboard-jrv-2251-4.html,not_found,False,2024-03-07T19:21:41.780+00:00,,
https://divulgacion.tse.gob.sv/dashboard-jrv-2252-4.html,not_found,False,2024-03-07T19:21:42.183+00:00,,
https://divulgacion.tse.gob.sv/dashboard-jrv-2253-4.html,not_found,False,2024-03-07T19:21:42.644+00:00,,
https://divulgacion.tse.gob.sv/dashboard-jrv-2254-4.html,not_found,False,2024-03-07T19:21:43.074+00:00,,
https://divulgacion.tse.gob.sv/dashboard-jrv-2255-4.html,not_found,False,2024-03-07T19:21:43.556+00:00,,
https://divulgacion.tse.gob.sv/dashboard-jrv-2256-4.html,not_found,False,2024-03-07T19:21:44.025+00:00,,
https://divulgacion.tse.gob.sv/dashboard-jrv-2257-4.html,not_found,False,2024-03-07T19:21:44.462+00:00,,
https://divulgacion.tse.gob.sv/dashboard-jrv-2258-4.html,not_found,False,2024-03-07T19:21:44.927+00:00,,
https://divulgacion.tse.gob.sv/dashboard-jrv-2259-4.html,not_found,False,2024-03-07T19:21:45.360+00:00,,
https://divulgacion.tse.gob.sv/dashboard-jrv-2260-4.html,not_found,False,2024-03-07T19:21:45.766+00:00,,
https://divulgacion.tse.gob.sv/dashboard-jrv-2261-4.html,not_found,False,2024-03-07T19:21:46.249+00:00,,
https://divulgacion.tse.gob.sv/dashboard-jrv-2262-4.html,not_found,False,2024-03-07T19:21:46.691+00:00,,
https://divulgacion.tse.gob.sv/dashboard-jrv-2263-4.html,not_found,False,2024-03-07T19:21:47.146+00:00,,
https://divulgacion.tse.gob.sv/dashboard-jrv-2264-4.html,not_found,False,2024-03-07T19:21:47.536+00:00,,
https://divulgacion.tse.gob.sv/dashboard-jrv-2265-4.html,not_found,False,2024-03-07T19:21:47.944+00:00,,
https://divulgacion.tse.gob.sv/dashboard-jrv-2266-4.html,not_found,False,2024-03-07T19:21:48.381+00:00,,
https://divulgacion.tse.gob.sv/dashboard-jrv-2267-4.html,not_found,False,2024-03-07T19:21:48.794+00:00,,
https://divulgacion.tse.gob.sv/dashboard-jrv-2268-4.html,not_found,False,2024-03-07T19:21:49.218+00:00,,
https://divulgacion.tse.gob.sv/dashboard-jrv-2269-4.html,not_found,False,2024-03-07T19:21:49.661+00:00,,
https://divulgacion.tse.gob.sv/dashboard-jrv-2270-4.html,not_found,False,2024-03-07T19:21:50.167+00:00,,
https://divulgacion.tse.gob.sv/dashboard-jrv-2271-4.html,not_found,False,2024-03-07T19:21:50.615+00:00,,
https://divulgacion.tse.gob.sv/dashboard-jrv-2272-4.html,not_found,False,2024-03-07T19:21:51.128+00:00,,
https://divulgacion.tse.gob.sv/dashboard-jrv-2273-4.html,not_found,False,2024-03-07T19:21:51.615+00:00,,
https://divulgacion.tse.gob.sv/dashboard-jrv-2274-4.html,not_found,False,2024-03-07T19:21:52.010+00:00,,
https://divulgacion.tse.gob.sv/dashboard-jrv-2275-4.html,not_found,False,2024-03-07T19:21:52.462+00:00,,
https://divulgacion.tse.gob.sv/dashboard-jrv-2276-4.html,not_found,False,2024-03-07T19:21:52.931+00:00,,
https://divulgacion.tse.gob.sv/dashboard-jrv-2277-4.html,not_found,False,2024-03-07T19:21:53.357+00:00,,
https://divulgacion.tse.gob.sv/dashboard-jrv-2278-4.html,not_found,False,2024-03-07T19:21:53.809+00:00,,
https://divulgacion.tse.gob.sv/dashboard-jrv-2279-4.html,not_found,False,2024-03-07T19:21:54.242+00:00,,
https://divulgacion.tse.gob.sv/dashboard-jrv-2280-4.html,not_found,False,2024-03-07T19:21:54.649+00:00,,
https://divulgacion.tse.gob.sv/dashboard-jrv-2281-4.html,not_found,False,2024-03-07T19:21:55.090+00:00,,
https://divulgacion.tse.gob.sv/dashboard-jrv-2282-4.html,not_found,False,2024-03-07T19:21:55.527+00:00,,
https://divulgacion.tse.gob.sv/dashboard-jrv-2283-4.html,not_found,False,2024-03-07T19:21:55.955+00:00,,
https://divulgacion.tse.gob.sv/dashboard-jrv-2284-4.html,not_found,False,2024-03-07T19:21:56.429+00:00,,
https://divulgacion.tse.gob.sv/dashboard-jrv-2285-4.html,not_found,False,2024-03-07T19:21:56.882+00:00,,
https://divulgacion.tse.gob.sv/dashboard-jrv-2286-4.html,not_found,False,2024-03-07T19:21:57.301+00:00,,
https://divulgacion.tse.gob.sv/dashboard-jrv-2287-4.html,not_found,False,2024-03-07T19:21:57.742+00:00,,
https://divulgacion.tse.gob.sv/dashboard-jrv-2288-4.html,not_found,False,2024-03-07T19:21:58.219+00:00,,
https://divulgacion.tse.gob.sv/dashboard-jrv-2289-4.html,not_found,False,2024-03-07T19:21:58.698+00:00,,
https://divulgacion.tse.gob.sv/dashboard-jrv-2290-4.html,not_found,False,2024-03-07T19:21:59.117+00:00,,
https://divulgacion.tse.gob.sv/dashboard-jrv-2291-4.html,not_found,False,2024-03-07T19:21:59.517+00:00,,
https://divulgacion.tse.gob.sv/dashboard-jrv-2292-4.html,not_found,False,2024-03-07T19:21:59.899+00:00,,
https://divulgacion.tse.gob.sv/dashboard-jrv-2293-4.html,not_found,False,2024-03-07T19:22:00.335+00:00,,
https://divulgacion.tse.gob.sv/dashboard-jrv-2294-4.html,not_found,False,2024-03-07T19:22:00.765+00:00,,
https://divulgacion.tse.gob.sv/dashboard-jrv-2295-4.html,not_found,False,2024-03-07T19:22:01.199+00:00,,
https://divulgacion.tse.gob.sv/dashboard-jrv-2296-4.html,not_found,False,2024-03-07T19:22:01.623+00:00,,
https://divulgacion.tse.gob.sv/dashboard-jrv-2297-4.html,not_found,False,2024-03-07T19:22:02.120+00:00,,
https://divulgacion.tse.gob.sv/dashboard-jrv-2298-4.html,not_found,False,2024-03-07T19:22:02.543+00:00,,
https://divulgacion.tse.gob.sv/dashboard-jrv-2299-4.html,not_found,False,2024-03-07T19:22:02.973+00:00,,
https://divulgacion.tse.gob.sv/dashboard-jrv-2300-4.html,not_found,False,2024-03-07T19:22:03.389+00:00,,
https://divulgacion.tse.gob.sv/dashboard-jrv-2301-4.html,not_found,False,2024-03-07T19:22:03.819+00:00,,
https://divulgacion.tse.gob.sv/dashboard-jrv-2302-4.html,not_found,False,2024-03-07T19:22:04.209+00:00,,
https://divulgacion.tse.gob.sv/dashboard-jrv-2303-4.html,not_found,False,2024-03-07T19:22:04.629+00:00,,
https://divulgacion.tse.gob.sv/dashboard-jrv-2304-4.html,not_found,False,2024-03-07T19:22:05.012+00:00,,
https://divulgacion.tse.gob.sv/dashboard-jrv-2305-4.html,not_found,False,2024-03-07T19:22:05.462+00:00,,
https://divulgacion.tse.gob.sv/dashboard-jrv-2306-4.html,not_found,False,2024-03-07T19:22:05.845+00:00,,
https://divulgacion.tse.gob.sv/dashboard-jrv-2307-4.html,not_found,False,2024-03-07T19:22:06.266+00:00,,
https://divulgacion.tse.gob.sv/dashboard-jrv-2308-4.html,not_found,False,2024-03-07T19:22:06.701+00:00,,
https://divulgacion.tse.gob.sv/dashboard-jrv-2309-4.html,not_found,False,2024-03-07T19:22:07.107+00:00,,
https://divulgacion.tse.gob.sv/dashboard-jrv-2310-4.html,not_found,False,2024-03-07T19:22:07.528+00:00,,
https://divulgacion.tse.gob.sv/dashboard-jrv-2311-4.html,not_found,False,2024-03-07T19:22:07.957+00:00,,
https://divulgacion.tse.gob.sv/dashboard-jrv-2312-4.html,not_found,False,2024-03-07T19:22:08.344+00:00,,
https://divulgacion.tse.gob.sv/dashboard-jrv-2313-4.html,not_found,False,2024-03-07T19:22:08.752+00:00,,
https://divulgacion.tse.gob.sv/dashboard-jrv-2314-4.html,not_found,False,2024-03-07T19:22:09.182+00:00,,
https://divulgacion.tse.gob.sv/dashboard-jrv-2315-4.html,not_found,False,2024-03-07T19:22:09.575+00:00,,
https://divulgacion.tse.gob.sv/dashboard-jrv-2316-4.html,not_found,False,2024-03-07T19:22:09.954+00:00,,
https://divulgacion.tse.gob.sv/dashboard-jrv-2317-4.html,not_found,False,2024-03-07T19:22:10.385+00:00,,
https://divulgacion.tse.gob.sv/dashboard-jrv-2318-4.html,not_found,False,2024-03-07T19:22:10.835+00:00,,
https://divulgacion.tse.gob.sv/dashboard-jrv-2319-4.html,not_found,False,2024-03-07T19:22:11.258+00:00,,
https://divulgacion.tse.gob.sv/dashboard-jrv-2320-4.html,not_found,False,2024-03-07T19:22:11.649+00:00,,
https://divulgacion.tse.gob.sv/dashboard-jrv-2321-4.html,not_found,False,2024-03-07T19:22:12.083+00:00,,
https://divulgacion.tse.gob.sv/dashboard-jrv-2322-4.html,not_found,False,2024-03-07T19:22:12.519+00:00,,
https://divulgacion.tse.gob.sv/dashboard-jrv-2323-4.html,not_found,False,2024-03-07T19:22:12.930+00:00,,
https://divulgacion.tse.gob.sv/dashboard-jrv-2324-4.html,not_found,False,2024-03-07T19:22:13.360+00:00,,
https://divulgacion.tse.gob.sv/dashboard-jrv-2325-4.html,not_found,False,2024-03-07T19:22:13.824+00:00,,
https://divulgacion.tse.gob.sv/dashboard-jrv-2326-4.html,not_found,False,2024-03-07T19:22:14.263+00:00,,
https://divulgacion.tse.gob.sv/dashboard-jrv-2327-4.html,not_found,False,2024-03-07T19:22:14.656+00:00,,
https://divulgacion.tse.gob.sv/dashboard-jrv-2328-4.html,not_found,False,2024-03-07T19:22:15.069+00:00,,
https://divulgacion.tse.gob.sv/dashboard-jrv-2329-4.html,not_found,False,2024-03-07T19:22:15.474+00:00,,
https://divulgacion.tse.gob.sv/dashboard-jrv-2330-4.html,not_found,False,2024-03-07T19:22:15.921+00:00,,
https://divulgacion.tse.gob.sv/dashboard-jrv-2331-4.html,not_found,False,2024-03-07T19:22:16.359+00:00,,
https://divulgacion.tse.gob.sv/dashboard-jrv-2332-4.html,not_found,False,2024-03-07T19:22:16.759+00:00,,
https://divulgacion.tse.gob.sv/dashboard-jrv-2333-4.html,not_found,False,2024-03-07T19:22:17.157+00:00,,
https://divulgacion.tse.gob.sv/dashboard-jrv-2334-4.html,not_found,False,2024-03-07T19:22:17.576+00:00,,
https://divulgacion.tse.gob.sv/dashboard-jrv-2335-4.html,not_found,False,2024-03-07T19:22:18.052+00:00,,
https://divulgacion.tse.gob.sv/dashboard-jrv-2336-4.html,not_found,False,2024-03-07T19:22:18.450+00:00,,
https://divulgacion.tse.gob.sv/dashboard-jrv-2337-4.html,not_found,False,2024-03-07T19:22:18.870+00:00,,
https://divulgacion.tse.gob.sv/dashboard-jrv-2338-4.html,not_found,False,2024-03-07T19:22:19.268+00:00,,
https://divulgacion.tse.gob.sv/dashboard-jrv-2339-4.html,not_found,False,2024-03-07T19:22:19.727+00:00,,
https://divulgacion.tse.gob.sv/dashboard-jrv-2340-4.html,not_found,False,2024-03-07T19:22:20.188+00:00,,
https://divulgacion.tse.gob.sv/dashboard-jrv-2341-4.html,not_found,False,2024-03-07T19:22:20.617+00:00,,
https://divulgacion.tse.gob.sv/dashboard-jrv-2342-4.html,not_found,False,2024-03-07T19:22:21.076+00:00,,
https://divulgacion.tse.gob.sv/dashboard-jrv-2343-4.html,not_found,False,2024-03-07T19:22:21.544+00:00,,
https://divulgacion.tse.gob.sv/dashboard-jrv-2344-4.html,not_found,False,2024-03-07T19:22:21.983+00:00,,
https://divulgacion.tse.gob.sv/dashboard-jrv-2345-4.html,not_found,False,2024-03-07T19:22:22.425+00:00,,
https://divulgacion.tse.gob.sv/dashboard-jrv-2346-4.html,not_found,False,2024-03-07T19:22:22.841+00:00,,
https://divulgacion.tse.gob.sv/dashboard-jrv-2347-4.html,not_found,False,2024-03-07T19:22:23.290+00:00,,
https://divulgacion.tse.gob.sv/dashboard-jrv-2348-4.html,not_found,False,2024-03-07T19:22:23.702+00:00,,
https://divulgacion.tse.gob.sv/dashboard-jrv-2349-4.html,not_found,False,2024-03-07T19:22:24.143+00:00,,
https://divulgacion.tse.gob.sv/dashboard-jrv-2350-4.html,not_found,False,2024-03-07T19:22:24.607+00:00,,
https://divulgacion.tse.gob.sv/dashboard-jrv-2351-4.html,not_found,False,2024-03-07T19:22:25.006+00:00,,
https://divulgacion.tse.gob.sv/dashboard-jrv-2352-4.html,not_found,False,2024-03-07T19:22:25.444+00:00,,
https://divulgacion.tse.gob.sv/dashboard-jrv-2353-4.html,not_found,False,2024-03-07T19:22:25.902+00:00,,
https://divulgacion.tse.gob.sv/dashboard-jrv-2354-4.html,not_found,False,2024-03-07T19:22:26.450+00:00,,
https://divulgacion.tse.gob.sv/dashboard-jrv-2355-4.html,not_found,False,2024-03-07T19:22:26.972+00:00,,
https://divulgacion.tse.gob.sv/dashboard-jrv-2356-4.html,not_found,False,2024-03-07T19:22:27.418+00:00,,
https://divulgacion.tse.gob.sv/dashboard-jrv-2357-4.html,not_found,False,2024-03-07T19:22:27.868+00:00,,
https://divulgacion.tse.gob.sv/dashboard-jrv-2358-4.html,not_found,False,2024-03-07T19:22:28.325+00:00,,
https://divulgacion.tse.gob.sv/dashboard-jrv-2359-4.html,not_found,False,2024-03-07T19:22:28.788+00:00,,
https://divulgacion.tse.gob.sv/dashboard-jrv-2360-4.html,not_found,False,2024-03-07T19:22:29.284+00:00,,
https://divulgacion.tse.gob.sv/dashboard-jrv-2361-4.html,not_found,False,2024-03-07T19:22:29.730+00:00,,
https://divulgacion.tse.gob.sv/dashboard-jrv-2362-4.html,not_found,False,2024-03-07T19:22:30.158+00:00,,
https://divulgacion.tse.gob.sv/dashboard-jrv-2363-4.html,not_found,False,2024-03-07T19:22:30.608+00:00,,
https://divulgacion.tse.gob.sv/dashboard-jrv-2364-4.html,not_found,False,2024-03-07T19:22:31.015+00:00,,
https://divulgacion.tse.gob.sv/dashboard-jrv-2365-4.html,not_found,False,2024-03-07T19:22:31.416+00:00,,
https://divulgacion.tse.gob.sv/dashboard-jrv-2366-4.html,not_found,False,2024-03-07T19:22:31.833+00:00,,
https://divulgacion.tse.gob.sv/dashboard-jrv-2367-4.html,not_found,False,2024-03-07T19:22:32.230+00:00,,
https://divulgacion.tse.gob.sv/dashboard-jrv-2368-4.html,not_found,False,2024-03-07T19:22:32.608+00:00,,
https://divulgacion.tse.gob.sv/dashboard-jrv-2369-4.html,not_found,False,2024-03-07T19:22:33.124+00:00,,
https://divulgacion.tse.gob.sv/dashboard-jrv-2370-4.html,not_found,False,2024-03-07T19:22:33.536+00:00,,
https://divulgacion.tse.gob.sv/dashboard-jrv-2371-4.html,not_found,False,2024-03-07T19:22:33.962+00:00,,
https://divulgacion.tse.gob.sv/dashboard-jrv-2372-4.html,not_found,False,2024-03-07T19:22:34.369+00:00,,
https://divulgacion.tse.gob.sv/dashboard-jrv-2373-4.html,not_found,False,2024-03-07T19:22:34.800+00:00,,
https://divulgacion.tse.gob.sv/dashboard-jrv-2374-4.html,not_found,False,2024-03-07T19:22:35.274+00:00,,
https://divulgacion.tse.gob.sv/dashboard-jrv-2375-4.html,not_found,False,2024-03-07T19:22:35.685+00:00,,
https://divulgacion.tse.gob.sv/dashboard-jrv-2376-4.html,not_found,False,2024-03-07T19:22:36.126+00:00,,
https://divulgacion.tse.gob.sv/dashboard-jrv-2377-4.html,not_found,False,2024-03-07T19:22:36.574+00:00,,
https://divulgacion.tse.gob.sv/dashboard-jrv-2378-4.html,not_found,False,2024-03-07T19:22:36.966+00:00,,
https://divulgacion.tse.gob.sv/dashboard-jrv-2379-4.html,not_found,False,2024-03-07T19:22:37.355+00:00,,
https://divulgacion.tse.gob.sv/dashboard-jrv-2380-4.html,not_found,False,2024-03-07T19:22:37.742+00:00,,
https://divulgacion.tse.gob.sv/dashboard-jrv-2381-4.html,not_found,False,2024-03-07T19:22:38.118+00:00,,
https://divulgacion.tse.gob.sv/dashboard-jrv-2382-4.html,not_found,False,2024-03-07T19:22:38.554+00:00,,
https://divulgacion.tse.gob.sv/dashboard-jrv-2383-4.html,not_found,False,2024-03-07T19:22:38.987+00:00,,
https://divulgacion.tse.gob.sv/dashboard-jrv-2384-4.html,not_found,False,2024-03-07T19:22:39.433+00:00,,
https://divulgacion.tse.gob.sv/dashboard-jrv-2385-4.html,not_found,False,2024-03-07T19:22:39.910+00:00,,
https://divulgacion.tse.gob.sv/dashboard-jrv-2386-4.html,not_found,False,2024-03-07T19:22:40.320+00:00,,
https://divulgacion.tse.gob.sv/dashboard-jrv-2387-4.html,not_found,False,2024-03-07T19:22:40.750+00:00,,
https://divulgacion.tse.gob.sv/dashboard-jrv-2388-4.html,not_found,False,2024-03-07T19:22:41.162+00:00,,
https://divulgacion.tse.gob.sv/dashboard-jrv-2389-4.html,not_found,False,2024-03-07T19:22:41.602+00:00,,
https://divulgacion.tse.gob.sv/dashboard-jrv-2390-4.html,not_found,False,2024-03-07T19:22:42.212+00:00,,
https://divulgacion.tse.gob.sv/dashboard-jrv-2391-4.html,not_found,False,2024-03-07T19:22:42.685+00:00,,
https://divulgacion.tse.gob.sv/dashboard-jrv-2392-4.html,not_found,False,2024-03-07T19:22:43.173+00:00,,
https://divulgacion.tse.gob.sv/dashboard-jrv-2393-4.html,not_found,False,2024-03-07T19:22:43.651+00:00,,
https://divulgacion.tse.gob.sv/dashboard-jrv-2394-4.html,not_found,False,2024-03-07T19:22:44.145+00:00,,
https://divulgacion.tse.gob.sv/dashboard-jrv-2395-4.html,not_found,False,2024-03-07T19:22:44.666+00:00,,
https://divulgacion.tse.gob.sv/dashboard-jrv-2396-4.html,not_found,False,2024-03-07T19:22:45.168+00:00,,
https://divulgacion.tse.gob.sv/dashboard-jrv-2397-4.html,not_found,False,2024-03-07T19:22:45.606+00:00,,
https://divulgacion.tse.gob.sv/dashboard-jrv-2398-4.html,not_found,False,2024-03-07T19:22:46.036+00:00,,
https://divulgacion.tse.gob.sv/dashboard-jrv-2399-4.html,not_found,False,2024-03-07T19:22:46.491+00:00,,
https://divulgacion.tse.gob.sv/dashboard-jrv-2400-4.html,not_found,False,2024-03-07T19:22:46.951+00:00,,
https://divulgacion.tse.gob.sv/dashboard-jrv-2401-4.html,not_found,False,2024-03-07T19:22:47.340+00:00,,
https://divulgacion.tse.gob.sv/dashboard-jrv-2402-4.html,not_found,False,2024-03-07T19:22:47.758+00:00,,
https://divulgacion.tse.gob.sv/dashboard-jrv-2403-4.html,not_found,False,2024-03-07T19:22:48.185+00:00,,
https://divulgacion.tse.gob.sv/dashboard-jrv-2404-4.html,not_found,False,2024-03-07T19:22:48.640+00:00,,
https://divulgacion.tse.gob.sv/dashboard-jrv-2405-4.html,not_found,False,2024-03-07T19:22:49.071+00:00,,
https://divulgacion.tse.gob.sv/dashboard-jrv-2406-4.html,not_found,False,2024-03-07T19:22:49.606+00:00,,
https://divulgacion.tse.gob.sv/dashboard-jrv-2407-4.html,not_found,False,2024-03-07T19:22:50.097+00:00,,
https://divulgacion.tse.gob.sv/dashboard-jrv-2408-4.html,not_found,False,2024-03-07T19:22:50.626+00:00,,
https://divulgacion.tse.gob.sv/dashboard-jrv-2409-4.html,not_found,False,2024-03-07T19:22:51.068+00:00,,
https://divulgacion.tse.gob.sv/dashboard-jrv-2410-4.html,not_found,False,2024-03-07T19:22:51.552+00:00,,
https://divulgacion.tse.gob.sv/dashboard-jrv-2411-4.html,not_found,False,2024-03-07T19:22:51.997+00:00,,
https://divulgacion.tse.gob.sv/dashboard-jrv-2412-4.html,not_found,False,2024-03-07T19:22:52.421+00:00,,
https://divulgacion.tse.gob.sv/dashboard-jrv-2413-4.html,not_found,False,2024-03-07T19:22:52.845+00:00,,
https://divulgacion.tse.gob.sv/dashboard-jrv-2414-4.html,not_found,False,2024-03-07T19:22:53.685+00:00,,
https://divulgacion.tse.gob.sv/dashboard-jrv-2415-4.html,not_found,False,2024-03-07T19:22:54.854+00:00,,
https://divulgacion.tse.gob.sv/dashboard-jrv-2416-4.html,not_found,False,2024-03-07T19:22:55.251+00:00,,
https://divulgacion.tse.gob.sv/dashboard-jrv-2417-4.html,not_found,False,2024-03-07T19:22:55.672+00:00,,
https://divulgacion.tse.gob.sv/dashboard-jrv-2418-4.html,not_found,False,2024-03-07T19:22:56.095+00:00,,
https://divulgacion.tse.gob.sv/dashboard-jrv-2419-4.html,not_found,False,2024-03-07T19:22:56.541+00:00,,
https://divulgacion.tse.gob.sv/dashboard-jrv-2420-4.html,not_found,False,2024-03-07T19:22:56.925+00:00,,
https://divulgacion.tse.gob.sv/dashboard-jrv-2421-4.html,not_found,False,2024-03-07T19:22:57.329+00:00,,
https://divulgacion.tse.gob.sv/dashboard-jrv-2422-4.html,not_found,False,2024-03-07T19:22:57.764+00:00,,
https://divulgacion.tse.gob.sv/dashboard-jrv-2423-4.html,not_found,False,2024-03-07T19:22:58.153+00:00,,
https://divulgacion.tse.gob.sv/dashboard-jrv-2424-4.html,not_found,False,2024-03-07T19:22:58.596+00:00,,
https://divulgacion.tse.gob.sv/dashboard-jrv-2425-4.html,not_found,False,2024-03-07T19:22:59.136+00:00,,
https://divulgacion.tse.gob.sv/dashboard-jrv-2426-4.html,not_found,False,2024-03-07T19:22:59.541+00:00,,
https://divulgacion.tse.gob.sv/dashboard-jrv-2427-4.html,not_found,False,2024-03-07T19:22:59.989+00:00,,
https://divulgacion.tse.gob.sv/dashboard-jrv-2428-4.html,not_found,False,2024-03-07T19:23:00.418+00:00,,
https://divulgacion.tse.gob.sv/dashboard-jrv-2429-4.html,not_found,False,2024-03-07T19:23:00.893+00:00,,
https://divulgacion.tse.gob.sv/dashboard-jrv-2430-4.html,not_found,False,2024-03-07T19:23:01.359+00:00,,
https://divulgacion.tse.gob.sv/dashboard-jrv-2431-4.html,not_found,False,2024-03-07T19:23:01.795+00:00,,
https://divulgacion.tse.gob.sv/dashboard-jrv-2432-4.html,not_found,False,2024-03-07T19:23:02.266+00:00,,
https://divulgacion.tse.gob.sv/dashboard-jrv-2433-4.html,not_found,False,2024-03-07T19:23:02.706+00:00,,
https://divulgacion.tse.gob.sv/dashboard-jrv-2434-4.html,not_found,False,2024-03-07T19:23:03.178+00:00,,
https://divulgacion.tse.gob.sv/dashboard-jrv-2435-4.html,not_found,False,2024-03-07T19:23:03.638+00:00,,
https://divulgacion.tse.gob.sv/dashboard-jrv-2436-4.html,not_found,False,2024-03-07T19:23:04.084+00:00,,
https://divulgacion.tse.gob.sv/dashboard-jrv-2437-4.html,not_found,False,2024-03-07T19:23:04.516+00:00,,
https://divulgacion.tse.gob.sv/dashboard-jrv-2438-4.html,not_found,False,2024-03-07T19:23:04.935+00:00,,
https://divulgacion.tse.gob.sv/dashboard-jrv-2439-4.html,not_found,False,2024-03-07T19:23:05.393+00:00,,
https://divulgacion.tse.gob.sv/dashboard-jrv-2440-4.html,not_found,False,2024-03-07T19:23:05.917+00:00,,
https://divulgacion.tse.gob.sv/dashboard-jrv-2441-4.html,not_found,False,2024-03-07T19:23:06.389+00:00,,
https://divulgacion.tse.gob.sv/dashboard-jrv-2442-4.html,not_found,False,2024-03-07T19:23:06.855+00:00,,
https://divulgacion.tse.gob.sv/dashboard-jrv-2443-4.html,not_found,False,2024-03-07T19:23:07.337+00:00,,
https://divulgacion.tse.gob.sv/dashboard-jrv-2444-4.html,not_found,False,2024-03-07T19:23:07.766+00:00,,
https://divulgacion.tse.gob.sv/dashboard-jrv-2445-4.html,not_found,False,2024-03-07T19:23:08.204+00:00,,
https://divulgacion.tse.gob.sv/dashboard-jrv-2446-4.html,not_found,False,2024-03-07T19:23:08.621+00:00,,
https://divulgacion.tse.gob.sv/dashboard-jrv-2447-4.html,not_found,False,2024-03-07T19:23:09.028+00:00,,
https://divulgacion.tse.gob.sv/dashboard-jrv-2448-4.html,not_found,False,2024-03-07T19:23:09.470+00:00,,
https://divulgacion.tse.gob.sv/dashboard-jrv-2449-4.html,not_found,False,2024-03-07T19:23:09.854+00:00,,
https://divulgacion.tse.gob.sv/dashboard-jrv-2450-4.html,not_found,False,2024-03-07T19:23:10.307+00:00,,
https://divulgacion.tse.gob.sv/dashboard-jrv-2451-4.html,not_found,False,2024-03-07T19:23:10.714+00:00,,
https://divulgacion.tse.gob.sv/dashboard-jrv-2452-4.html,not_found,False,2024-03-07T19:23:11.196+00:00,,
https://divulgacion.tse.gob.sv/dashboard-jrv-2453-4.html,not_found,False,2024-03-07T19:23:11.640+00:00,,
https://divulgacion.tse.gob.sv/dashboard-jrv-2454-4.html,not_found,False,2024-03-07T19:23:12.207+00:00,,
https://divulgacion.tse.gob.sv/dashboard-jrv-2455-4.html,not_found,False,2024-03-07T19:23:12.603+00:00,,
https://divulgacion.tse.gob.sv/dashboard-jrv-2456-4.html,not_found,False,2024-03-07T19:23:12.993+00:00,,
https://divulgacion.tse.gob.sv/dashboard-jrv-2457-4.html,not_found,False,2024-03-07T19:23:13.371+00:00,,
https://divulgacion.tse.gob.sv/dashboard-jrv-2458-4.html,not_found,False,2024-03-07T19:23:13.750+00:00,,
https://divulgacion.tse.gob.sv/dashboard-jrv-2459-4.html,not_found,False,2024-03-07T19:23:14.153+00:00,,
https://divulgacion.tse.gob.sv/dashboard-jrv-2460-4.html,not_found,False,2024-03-07T19:23:14.563+00:00,,
https://divulgacion.tse.gob.sv/dashboard-jrv-2461-4.html,not_found,False,2024-03-07T19:23:15.022+00:00,,
https://divulgacion.tse.gob.sv/dashboard-jrv-2462-4.html,not_found,False,2024-03-07T19:23:15.487+00:00,,
https://divulgacion.tse.gob.sv/dashboard-jrv-2463-4.html,not_found,False,2024-03-07T19:23:15.969+00:00,,
https://divulgacion.tse.gob.sv/dashboard-jrv-2464-4.html,not_found,False,2024-03-07T19:23:16.461+00:00,,
https://divulgacion.tse.gob.sv/dashboard-jrv-2465-4.html,not_found,False,2024-03-07T19:23:16.894+00:00,,
https://divulgacion.tse.gob.sv/dashboard-jrv-2466-4.html,not_found,False,2024-03-07T19:23:17.324+00:00,,
https://divulgacion.tse.gob.sv/dashboard-jrv-2467-4.html,not_found,False,2024-03-07T19:23:17.745+00:00,,
https://divulgacion.tse.gob.sv/dashboard-jrv-2468-4.html,not_found,False,2024-03-07T19:23:18.156+00:00,,
https://divulgacion.tse.gob.sv/dashboard-jrv-2469-4.html,not_found,False,2024-03-07T19:23:18.589+00:00,,
https://divulgacion.tse.gob.sv/dashboard-jrv-2470-4.html,not_found,False,2024-03-07T19:23:18.984+00:00,,
https://divulgacion.tse.gob.sv/dashboard-jrv-2471-4.html,not_found,False,2024-03-07T19:23:19.372+00:00,,
https://divulgacion.tse.gob.sv/dashboard-jrv-2472-4.html,not_found,False,2024-03-07T19:23:19.788+00:00,,
https://divulgacion.tse.gob.sv/dashboard-jrv-2473-4.html,not_found,False,2024-03-07T19:23:20.517+00:00,,
https://divulgacion.tse.gob.sv/dashboard-jrv-2474-4.html,not_found,False,2024-03-07T19:23:20.939+00:00,,
https://divulgacion.tse.gob.sv/dashboard-jrv-2475-4.html,not_found,False,2024-03-07T19:23:21.399+00:00,,
https://divulgacion.tse.gob.sv/dashboard-jrv-2476-4.html,not_found,False,2024-03-07T19:23:21.819+00:00,,
https://divulgacion.tse.gob.sv/dashboard-jrv-2477-4.html,not_found,False,2024-03-07T19:23:22.270+00:00,,
https://divulgacion.tse.gob.sv/dashboard-jrv-2478-4.html,not_found,False,2024-03-07T19:23:22.673+00:00,,
https://divulgacion.tse.gob.sv/dashboard-jrv-2479-4.html,not_found,False,2024-03-07T19:23:23.073+00:00,,
https://divulgacion.tse.gob.sv/dashboard-jrv-2480-4.html,not_found,False,2024-03-07T19:23:23.500+00:00,,
https://divulgacion.tse.gob.sv/dashboard-jrv-2481-4.html,not_found,False,2024-03-07T19:23:23.922+00:00,,
https://divulgacion.tse.gob.sv/dashboard-jrv-2482-4.html,not_found,False,2024-03-07T19:23:24.357+00:00,,
https://divulgacion.tse.gob.sv/dashboard-jrv-2483-4.html,not_found,False,2024-03-07T19:23:24.791+00:00,,
https://divulgacion.tse.gob.sv/dashboard-jrv-2484-4.html,not_found,False,2024-03-07T19:23:25.192+00:00,,
https://divulgacion.tse.gob.sv/dashboard-jrv-2485-4.html,not_found,False,2024-03-07T19:23:25.622+00:00,,
https://divulgacion.tse.gob.sv/dashboard-jrv-2486-4.html,not_found,False,2024-03-07T19:23:26.065+00:00,,
https://divulgacion.tse.gob.sv/dashboard-jrv-2487-4.html,not_found,False,2024-03-07T19:23:26.516+00:00,,
https://divulgacion.tse.gob.sv/dashboard-jrv-2488-4.html,not_found,False,2024-03-07T19:23:26.947+00:00,,
https://divulgacion.tse.gob.sv/dashboard-jrv-2489-4.html,not_found,False,2024-03-07T19:23:27.351+00:00,,
https://divulgacion.tse.gob.sv/dashboard-jrv-2490-4.html,not_found,False,2024-03-07T19:23:27.769+00:00,,
https://divulgacion.tse.gob.sv/dashboard-jrv-2491-4.html,not_found,False,2024-03-07T19:23:28.183+00:00,,
https://divulgacion.tse.gob.sv/dashboard-jrv-2492-4.html,not_found,False,2024-03-07T19:23:28.595+00:00,,
https://divulgacion.tse.gob.sv/dashboard-jrv-2493-4.html,not_found,False,2024-03-07T19:23:29.040+00:00,,
https://divulgacion.tse.gob.sv/dashboard-jrv-2494-4.html,not_found,False,2024-03-07T19:23:29.468+00:00,,
https://divulgacion.tse.gob.sv/dashboard-jrv-2495-4.html,not_found,False,2024-03-07T19:23:29.909+00:00,,
https://divulgacion.tse.gob.sv/dashboard-jrv-2496-4.html,not_found,False,2024-03-07T19:23:30.341+00:00,,
https://divulgacion.tse.gob.sv/dashboard-jrv-2497-4.html,not_found,False,2024-03-07T19:23:30.802+00:00,,
https://divulgacion.tse.gob.sv/dashboard-jrv-2498-4.html,not_found,False,2024-03-07T19:23:31.299+00:00,,
https://divulgacion.tse.gob.sv/dashboard-jrv-2499-4.html,not_found,False,2024-03-07T19:23:31.709+00:00,,
https://divulgacion.tse.gob.sv/dashboard-jrv-2500-4.html,not_found,False,2024-03-07T19:23:32.152+00:00,,
